767917,Henderson1089,Chongqing,2018/12/28,mX$1soj
536816,Djuan1021,Yangzhou,2018/12/27,jF;9qt
302773,Dashun1066,Taiyuan,2018/12/25,cY}2oewp
956724,Mace1085,Xianggang,2018/12/24,"pE,3txapl"
576119,Johncarlos1001,Chongqing,2018/12/23,jJ;2pbsf
942752,Djuan1099,Zhejiang,2018/12/23,"mQ,3cfjvh"
860601,Leron1038,Zhangjiakou,2018/12/21,aC*2gsdhx
457172,Jermarion1081,Chongqing,2018/12/20,xJ}2ptxe
996862,Braidyn1028,Nanjing,2018/12/19,jP=2ic
980653,Ellison1096,Taiyuan,2018/12/18,dV;9jd
297706,Luqman1005,Shanghai,2018/12/17,sQ9nags
306185,Garen1077,Tianjing,2018/12/17,mC=6yr
368534,Keyonte1029,Sichuan,2018/12/17,jD\1thcpyb
947614,Cosme1075,Zhangjiakou,2018/12/17,gN}4djk
500616,Curren1072,Yangzhou,2018/12/16,vX|0uxy
618505,Heitun1016,Zhangjiakou,2018/12/16,xU[6jvfgh
770015,Jaiquan1025,Yangzhou,2018/12/16,sH{4xbm
836342,Mizael1049,Yunnan,2018/12/16,eN$7pxhc
863002,Luqman1073,Hainan,2018/12/16,rL[8tpbf
625322,Stavros1048,Nanjing,2018/12/15,zH|8nshj
290772,Dashun1070,Shijiazhuang,2018/12/11,eD[7yowe
331837,Mace1076,Taiyuan,2018/12/10,xO4uaqrkd
530407,Jaryn1045,Shijiazhuang,2018/12/10,tD.6hi
680655,Dshawn1055,Tangshan,2018/12/10,"oC,3rxls"
925065,Gabryel1075,Zhangjiakou,2018/12/8,gA~5sdiw
935100,Devontay1077,Sichuan,2018/12/7,hI*9ie
893007,Derin1012,Tangshan,2018/12/5,mK>5wlpqen
140867,Dshawn1086,Shanghai,2018/12/3,vM-9mcsq
424832,Leron1022,Nanjing,2018/12/3,"rS,7cdkvf"
273237,Mikale1050,Lasa,2018/12/2,yF(2yql
736755,Rayaan1024,Yangzhou,2018/12/2,bS\4gp
467042,Damean1050,Yunnan,2018/12/1,dB@8wsrq
941398,Garen1034,Guangxi,2018/12/1,xC]7agswrxu
436232,Decker1095,Guangxi,2018/11/30,tL6dfpxoi
482107,Bryceson1053,Shanghai,2018/11/28,cL(9pvsfco
575172,Lelan1080,Tangshan,2018/11/28,uJ%7bku
875320,Haydin1070,Zhangjiakou,2018/11/28,oR>3eowfa
163715,Braidyn1018,Shanghai,2018/11/27,tX[9kosv
274741,Ilijah1001,Zhejiang,2018/11/25,uQ}7mw
368593,Sixto1073,Chongqing,2018/11/25,dC)6tem
287801,Djuan1073,Tianjing,2018/11/23,rT=7gsmvbdq
707886,Bryceson1042,Chongqing,2018/11/22,wU(3uwasyn
340379,Jaryn1094,Zhejiang,2018/11/21,wD)1ut
823936,Sixto1094,Tianjing,2018/11/20,wI&2waqxg
566116,Jamarri1043,Yangzhou,2018/11/18,bR/9qcdyfb
218731,Juventino1068,Taiyuan,2018/11/16,nF-9nmvfrjg
269221,Mikale1038,Tianjing,2018/11/16,hD]6hjbsu
312199,Clive1090,Nanjing,2018/11/13,kY;6ehcfrd
653718,Pranay1038,Shanghai,2018/11/13,uS!7uoh
775091,Jeric1011,Lasa,2018/11/13,"qF,3ewsm"
746954,Ilijah1097,Tangshan,2018/11/9,vW}9lconqbm
685285,Johncarlos1093,Sichuan,2018/11/7,tA]7ky
849086,Garen1029,Tangshan,2018/11/7,oV\4oxt
876783,Kartik1071,Yunnan,2018/11/5,lT_5qy
727854,Dashun1043,Zhejiang,2018/11/4,qK$8eumo
769827,Jovanie1083,Zhejiang,2018/11/4,qC$3qemnry
851332,Kerwin1057,Yunnan,2018/11/4,hU/7oliusr
304211,Mizael1063,Guangxi,2018/11/2,"wL,2hibxj"
486582,Garen1041,Chongqing,2018/11/2,tD[1lwn
247453,Henderson1016,Lasa,2018/10/31,sB\5qihd
307833,Munir1008,Guangxi,2018/10/31,cT(7htw
337767,Pranay1097,Shanghai,2018/10/30,yM`4uw
957647,Kaya1057,Yangzhou,2018/10/30,iC@5otr
796227,Garen1010,Sichuan,2018/10/29,qU;6rwb
911642,Sixto1064,Yunnan,2018/10/29,lZ[4awdv
137173,Jamarri1013,Xianggang,2018/10/27,gY:2nthr
782420,Kylee1045,Chongqing,2018/10/27,"bR,3xrefiuv"
493513,Kaveon1074,Nanjing,2018/10/23,wP{4lmxo
149883,Cord1085,Hefei,2018/10/22,tC^1xjkpbr
490409,Leron1016,Yangzhou,2018/10/22,bL:1qykwrd
578442,Jospeh1084,Tangshan,2018/10/22,yJ+6ho
742663,Collen1059,Hainan,2018/10/22,"eA,2mcrayuq"
981524,Daishawn1063,Tianjing,2018/10/21,lC3qo
567769,Joell1039,Yangzhou,2018/10/20,bI{2mdpfnev
168578,Henderson1042,Sichuan,2018/10/18,tY;8piy
244390,Jermarion1090,Hainan,2018/10/18,mD{3wthpgv
570310,Ilijah1036,Guangxi,2018/10/18,jH#7xrbevtw
296922,Daishawn1014,Yangzhou,2018/10/17,rL*1evu
916877,Luqman1063,Xianggang,2018/10/17,kZ{6km
357435,Jaryn1018,Zhangjiakou,2018/10/16,wJ|4upxetk
459672,Kendan1094,Guangxi,2018/10/15,dB>7yhmdeg
691939,Kobey1012,Lasa,2018/10/14,"tH,7jvf"
219869,Mycah1094,Zhangjiakou,2018/10/12,iK:6nbv
114928,Mace1089,Sichuan,2018/10/11,jI;9xbson
175565,Nova1015,Xianggang,2018/10/11,nP]5wro
715900,Joell1050,Tianjing,2018/10/10,wI[2ajibq
965603,Weijing1065,Yangzhou,2018/10/10,cV.4swtgdxv
802299,Koran1097,Yunnan,2018/10/8,eX:5hl
461137,Jaysean1024,Chongqing,2018/10/6,bI{3wcbeyv
647681,Jovanie1092,Taiyuan,2018/10/6,rZ/3elasdv
509541,Moishe1092,Hainan,2018/10/5,pT>1yf
742396,Damean1028,Nanjing,2018/10/5,aG+8unbqiek
783084,Sixto1067,Lasa,2018/10/2,rN_4xib
832375,Johncarlos1082,Guangxi,2018/10/2,uN%7aldvgyu
762082,Jaysean1100,Zhejiang,2018/9/29,nW@4vsm
633403,Jaciel1009,Hefei,2018/9/27,bN#2let
774501,Cabot1050,Aomen,2018/9/27,gU~2wufxmr
490833,Djuan1083,Hefei,2018/9/26,tS`1gtcub
548473,Koran1080,Xianggang,2018/9/26,eX|7flbucg
745112,Chapman1030,Guangdong,2018/9/25,gL~0mgr
802737,Damean1039,Taiyuan,2018/9/25,vL$0yvk
636696,Jamarri1027,Sichuan,2018/9/24,gS/8rxdujah
759379,Cabot1060,Guangdong,2018/9/24,"zQ,6itm"
342383,Nikos1013,Zhangjiakou,2018/9/23,eP<9cvy
174082,Ellison1029,Shanghai,2018/9/22,qX$6vhafdpg
701979,Itai1030,Nanjing,2018/9/21,"kU,5dikby"
199014,Derin1047,Lasa,2018/9/20,wQ7rkyi
980026,Christyan1018,Shijiazhuang,2018/9/20,dH;9vlxrwyf
733669,Kendan1068,Aomen,2018/9/19,rV7vfg
724484,Mace1012,Chongqing,2018/9/18,bS%2xkf
718936,Braidon1064,Zhangjiakou,2018/9/17,hE:6xgca
583985,Munir1025,Zhejiang,2018/9/15,bT&0coyxlmf
461644,Kaveon1099,Nanjing,2018/9/14,aC`6vdpbwmj
784159,Nikos1098,Zhejiang,2018/9/14,bM)9iqwtc
731538,Kobey1056,Hefei,2018/9/13,iP|5ltsecy
596571,Quavon1087,Hefei,2018/9/11,rJ|5be
859628,Kaveon1041,Guangdong,2018/9/11,hO<5dcvwl
877702,Cosme1046,Yunnan,2018/9/11,"xJ,8jorf"
625748,Demetrice1013,Shanghai,2018/9/10,yX&6qmvae
648213,Jermey1087,Guangxi,2018/9/10,qN(9agt
865573,Sajid1024,Hainan,2018/9/8,tB@6sircw
448275,Jingjing1033,Nanjing,2018/9/7,uO]4fgnui
957307,Jiovani1072,Lasa,2018/9/7,vH;1tuvwne
295193,Jamarri1044,Guangdong,2018/9/6,eL/2lfic
372856,Carlitos1072,Guangxi,2018/9/5,bM+7euyksm
708770,Mycah1084,Guangxi,2018/9/5,"yF,8vy"
849125,Braidyn1013,Zhangjiakou,2018/9/4,zQ*0rdwin
649977,Daequan1055,Shanghai,2018/9/3,vZ%6fpdvot
248138,Daishawn1069,Zhejiang,2018/9/1,zR=0kn
294041,Henderson1073,Taiyuan,2018/9/1,dW&9yfsqke
659996,Moishe1016,Sichuan,2018/8/30,nY]9wk
859866,Jaysean1022,Guangdong,2018/8/30,fK:8dfbu
686161,Pascal1018,Yangzhou,2018/8/29,zO\6wylk
810851,Caysen1018,Hainan,2018/8/28,kN\2xr
216725,Damean1070,Yangzhou,2018/8/25,jB]9yraf
737578,Lou1059,Shijiazhuang,2018/8/25,lU<0tenv
629827,Pranay1045,Yangzhou,2018/8/23,nU=2fmu
341899,Sabin1082,Aomen,2018/8/20,kZ]0npxigu
422391,Jingjing1099,Yangzhou,2018/8/17,kL=9mwsq
435248,Cabot1013,Hainan,2018/8/15,rF~0eibd
121546,Doran1041,Chongqing,2018/8/14,eH}0dc
800604,Kaveon1008,Sichuan,2018/8/14,oQ!6crwk
445704,Damean1035,Shijiazhuang,2018/8/13,pR$8eq
960749,Devontay1036,Taiyuan,2018/8/13,zR{8hiqmyu
558035,Johncarlos1012,Zhangjiakou,2018/8/12,qA2pevxna
602917,Kaya1095,Chongqing,2018/8/12,eG@2uvmeo
935481,Froylan1080,Tianjing,2018/8/11,mT`6qo
260428,Kaveon1090,Guangdong,2018/8/10,qD2pkgcjd
298667,Mycah1094,Zhangjiakou,2018/8/9,sM{7jxm
547597,Jeremaih1064,Xianggang,2018/8/9,tA;5gnvkq
580589,Kartik1085,Sichuan,2018/8/7,yI)0kifcbyq
149335,Christyan1065,Chongqing,2018/8/6,hL?8vwsdljy
941653,Sadiq1054,Sichuan,2018/8/5,"eU,8ktdnwqe"
686972,Kaya1086,Tangshan,2018/8/3,rQ#8kolfnr
958039,Stavros1035,Nanjing,2018/8/3,sZ/2rhdblsc
821100,Collen1071,Xianggang,2018/8/2,oN|4yvdkn
434411,Bryceson1065,Guangdong,2018/8/1,dW*8iokun
525498,Jaysean1062,Zhangjiakou,2018/8/1,"nJ,2vc"
228231,Collen1087,Lasa,2018/7/31,zX<3vjopkix
749808,Heitun1029,Aomen,2018/7/31,uA=1tfywpi
668810,Lou1074,Taiyuan,2018/7/30,hI~7it
425437,Kendan1081,Shanghai,2018/7/28,rB{8xe
615538,Joell1069,Zhangjiakou,2018/7/25,rI)9jvp
580540,Juventino1020,Aomen,2018/7/23,"lE,2fy"
590378,Jeremaih1070,Lasa,2018/7/23,lD[5nrtkelc
691815,Itai1034,Xianggang,2018/7/22,xW_1svxowq
279737,Lelan1098,Zhejiang,2018/7/21,mB*5cywfj
563864,Javis1093,Xianggang,2018/7/21,"zE,3ihcamqg"
186442,Jovanie1021,Lasa,2018/7/20,"lF,0wfhjvle"
896912,Lou1065,Tangshan,2018/7/20,wA{8nlhfdaw
950055,Jingjing1023,Shijiazhuang,2018/7/19,bL]0iergpwn
179771,Jospeh1066,Hainan,2018/7/17,yH&2ef
103478,Jahmal1071,Guangxi,2018/7/15,mM@6ioa
443768,Henderson1001,Nanjing,2018/7/15,wS#8rxbnp
266949,Pascal1032,Taiyuan,2018/7/14,kM#4gw
531008,Duran1033,Guangxi,2018/7/11,vD^5vpqmks
655885,Braidon1037,Chongqing,2018/7/11,hP:0nf
867278,Itai1019,Aomen,2018/7/10,zW;2odexryf
327698,Jamarri1004,Shanghai,2018/7/7,zO.5wae
508349,Moishe1088,Shijiazhuang,2018/7/5,zN}9nmbxwd
513321,Decker1004,Tianjing,2018/7/5,bT(0dmip
559431,Derin1033,Zhejiang,2018/7/5,oZ.0hb
936310,Pinchus1046,Lasa,2018/7/5,eM{1cytmoku
954043,Brenan1052,Yunnan,2018/7/5,oA_3ordwmh
322148,Braidon1089,Guangdong,2018/6/29,fD{8vdgtjh
550632,Kaveon1056,Yangzhou,2018/6/27,sQ8pxbnk
810411,Jiovani1052,Hefei,2018/6/27,uN~2pq
471913,Joell1056,Lasa,2018/6/24,qV?9xm
688209,Dshawn1029,Chongqing,2018/6/22,eD$2xjnufpb
448796,Munir1020,Tianjing,2018/6/21,eP+8kvxjip
405125,Quavon1030,Nanjing,2018/6/20,uL[9vw
909974,Koran1012,Shijiazhuang,2018/6/20,uI}6nysp
784797,Kartik1062,Nanjing,2018/6/19,qE-5ui
796268,Damean1067,Hainan,2018/6/19,sX/0bd
260424,Derin1091,Zhangjiakou,2018/6/18,aA8pnfch
449617,Koran1041,Xianggang,2018/6/18,eI/9cnxrh
161314,Pascal1057,Sichuan,2018/6/16,pC@5yxcgbvu
191809,Lou1060,Hefei,2018/6/15,123456
968033,Jovanie1071,Xianggang,2018/6/15,lM^4bigl
254206,Sajid1002,Nanjing,2018/6/14,qH$1eu
159250,Kylee1046,Aomen,2018/6/12,xX}5hoxbnas
994749,Sajid1022,Chongqing,2018/6/11,kB+9vaxjhg
226673,Christyan1074,Sichuan,2018/6/10,tQ=5gdml
536124,Jamarri1006,Chongqing,2018/6/10,jW?6hu
556710,Gabryel1087,Aomen,2018/6/10,"dW""8hgd"
354345,Makale1054,Sichuan,2018/6/9,pB?7ixuwlvq
631533,Mace1005,Sichuan,2018/6/9,oB^5ldbeait
162771,Kerwin1036,Guangdong,2018/6/8,lU!5du
381589,Raheim1094,Yangzhou,2018/6/7,oF%3xw
433655,Caydin1025,Zhangjiakou,2018/6/7,"rW,9qt"
141271,Keyonte1054,Taiyuan,2018/6/5,jB{9ncks
409118,Collen1075,Aomen,2018/6/5,pM&2ped
310774,Keyonte1057,Lasa,2018/6/4,oK_5dwb
601415,Rayaan1059,Guangxi,2018/6/3,cC]3lad
908705,Lelan1027,Chongqing,2018/6/3,tT.6twabi
399872,Sajid1007,Zhangjiakou,2018/6/2,kP<7gnajcew
254625,Jingjing1077,Hefei,2018/6/1,jJ{3emfpuoi
591010,Kendan1082,Hefei,2018/6/1,yY:5bupehva
723055,Cord1021,Shanghai,2018/5/31,uJ{9uijlmc
427020,Quavon1075,Hainan,2018/5/30,"bM,5bqxoijm"
525916,Curren1052,Guangxi,2018/5/28,kJ$3ugr
602569,Keyonte1045,Hefei,2018/5/27,rL_2apnc
809757,Jaysean1085,Yunnan,2018/5/27,gY?6rldo
731089,Cord1017,Aomen,2018/5/25,cS~3en
882228,Javis1025,Chongqing,2018/5/25,fA!3nj
391570,Cosme1011,Guangdong,2018/5/24,uP.2jxay
172418,Decker1058,Lasa,2018/5/23,qD^5vqjphia
831891,Kerwin1088,Aomen,2018/5/23,qR}2qwvfsu
581246,Rock1002,Tianjing,2018/5/20,oY>9jdxl
660173,Leron1032,Guangdong,2018/5/19,iW=9tlxwpsi
611982,Jovanie1053,Taiyuan,2018/5/17,vC&8xbnmqpt
167081,Pascal1020,Shijiazhuang,2018/5/15,pK_4vigorsp
683863,Raheim1058,Nanjing,2018/5/15,sW$0gt
427999,Johncarlos1064,Hainan,2018/5/14,eW?6kmsc
647433,Djuan1021,Guangdong,2018/5/12,nI]3ypbnel
709211,Jeromy1089,Yangzhou,2018/5/11,xF=1hw
881148,Kerwin1044,Xianggang,2018/5/10,iP%5xonwr
219154,Jingjing1011,Shanghai,2018/5/9,dZ>9rawegq
642072,Jahmal1100,Sichuan,2018/5/9,qQ!4hwtvdk
414550,Rock1060,Tangshan,2018/5/8,cU:5rlyhw
323634,Sabin1051,Guangdong,2018/5/7,dY\2kh
589171,Decker1053,Yangzhou,2018/5/6,aW:8tdmc
467841,Ellison1043,Tangshan,2018/5/5,mA>7ngilq
130055,Lelan1018,Yunnan,2018/5/4,xU%9wvohlg
277087,Sadiq1078,Hainan,2018/5/4,pE+6csteh
483577,Koran1033,Nanjing,2018/5/3,"fY""3jxhil"
559562,Jermarion1082,Chongqing,2018/5/2,"lQ,3qpea"
602892,Mycah1071,Yunnan,2018/5/2,yM#2urgoq
876335,Quavon1034,Taiyuan,2018/5/2,"rC,5jsikqw"
136767,Djuan1036,Shijiazhuang,2018/5/1,kK?9gx
231714,Jaysean1059,Hefei,2018/5/1,jW{5hiutjk
387787,Demetrice1087,Aomen,2018/4/27,lG(8yqljcp
901154,Carlitos1016,Shijiazhuang,2018/4/23,"tB,0mequ"
375350,Jermey1072,Yangzhou,2018/4/20,jD1smipqx
935131,Weijing1010,Guangxi,2018/4/16,bD/4bcsupi
548615,Dvonte1096,Xianggang,2018/4/15,yM`3wdpv
162312,Kieron1087,Chongqing,2018/4/14,aF%3okvcu
843028,Shaquan1085,Tianjing,2018/4/14,wX#1dxkyvsw
202243,Jiovani1055,Xianggang,2018/4/13,bV^9xumfj
610743,Kaveon1046,Hainan,2018/4/12,qP$2nupl
613888,Dvonte1092,Nanjing,2018/4/12,hK?7vpcdy
207240,Kendan1056,Guangdong,2018/4/11,qB=5fbigkh
606819,Daishawn1078,Tangshan,2018/4/5,pJ-9py
482609,Jeremaih1082,Yunnan,2018/4/3,oX]2jwtpn
607203,Dshawn1061,Yangzhou,2018/4/3,jH5lqihdrb
107244,Johncarlos1079,Chongqing,2018/4/2,nF<6ghfr
358308,Damean1012,Tangshan,2018/3/31,hQ&1jcdkxn
275619,Demetrice1010,Tianjing,2018/3/30,fV.3bkpexh
680931,Lou1020,Guangxi,2018/3/29,vA!7iewl
954025,Jeric1068,Zhejiang,2018/3/29,rI<6ixftp
423397,Sajid1060,Zhangjiakou,2018/3/27,kV}8sduwch
276991,Koran1077,Lasa,2018/3/26,jH(1oesatc
802261,Demonta1053,Tangshan,2018/3/25,qL!0vb
769189,Mycah1025,Tianjing,2018/3/22,bM^1js
145251,Chapman1053,Sichuan,2018/3/21,vE;1qx
526996,Chapman1023,Shijiazhuang,2018/3/21,aW#2ljdkec
540794,Sajid1090,Xianggang,2018/3/20,rU$0gqdfmwi
455375,Sajid1029,Yunnan,2018/3/19,zY+3fcajydk
896975,Sajid1042,Sichuan,2018/3/18,qW~6qxk
328274,Moishe1038,Tianjing,2018/3/16,bF&3mpujtq
711814,Decker1026,Taiyuan,2018/3/16,bJ(3gyevs
211548,Itai1099,Guangdong,2018/3/15,mB\2cyngrx
529700,Djuan1067,Tianjing,2018/3/15,dI*8qfidb
930433,Jospeh1057,Taiyuan,2018/3/15,tL]5mjflat
282789,Kaya1015,Xianggang,2018/3/14,kE3ln
441096,Heitun1016,Nanjing,2018/3/13,vR_9yx
179855,Jovanie1087,Zhejiang,2018/3/12,qT[1cukq
862130,Shaquan1081,Hefei,2018/3/11,"yZ,6pb"
386731,Devontay1037,Yangzhou,2018/3/10,jH&1tx
987078,Bryceson1020,Zhejiang,2018/3/10,jH{0yfigpxa
247934,Cosme1054,Aomen,2018/3/9,rY$0dkxyi
385132,Kobey1003,Yangzhou,2018/3/5,cQ[1yhuijp
752903,Keyonte1085,Hefei,2018/3/2,bU>2ld
758395,Lelan1089,Shanghai,2018/3/2,oF$1kpvfd
240038,Caysen1100,Yangzhou,2018/3/1,iB`0gu
700729,Mycah1024,Hainan,2018/3/1,rP>8xdgot
389341,Weijing1069,Tangshan,2018/2/26,"hW,2gm"
290280,Kerwin1063,Yangzhou,2018/2/25,sC`1cnbax
879175,Dshawn1099,Aomen,2018/2/25,fS{5stjf
841181,Raheim1042,Yangzhou,2018/2/24,qD!9ys
123967,Gabryel1096,Zhangjiakou,2018/2/21,dW{3qapeilu
594744,Quavon1042,Hefei,2018/2/21,lS#2gmpjq
641978,Pranay1059,Tianjing,2018/2/19,cX~6lphmc
847001,Sabin1086,Sichuan,2018/2/19,mI_6wqlvyhf
267953,Kerwin1080,Shijiazhuang,2018/2/18,wN<7srl
524188,Matthews1042,Tianjing,2018/2/18,nA[2aqls
733322,Jamarri1012,Chongqing,2018/2/18,qL@4bpjco
677212,Braidyn1056,Guangdong,2018/2/16,jG-6fuvrtk
243553,Lou1028,Zhangjiakou,2018/2/13,tA:8yauxv
536547,Cabot1009,Nanjing,2018/2/13,pN-9wrueqh
345714,Luqman1040,Guangdong,2018/2/12,zG=8wunf
903310,Javis1090,Nanjing,2018/2/12,aH@3wouj
633972,Gabryel1016,Taiyuan,2018/2/9,fQ^6uoktse
294290,Demetrice1075,Nanjing,2018/2/8,mD;0arfs
741162,Decker1088,Aomen,2018/2/7,oC#0xmgyta
645661,Jamarri1046,Sichuan,2018/2/5,tE<6bv
649609,Leron1098,Sichuan,2018/2/4,jT>7eyfq
490099,Nikos1099,Guangxi,2018/2/3,"qW,4ayfrwli"
834017,Itai1002,Chongqing,2018/2/3,"gD,7ql"
285294,Doran1065,Tangshan,2018/2/2,pW*2gjmxvdr
499122,Nikos1054,Tianjing,2018/2/2,jF_8cjrobgh
851342,Chapman1058,Guangxi,2018/2/2,zF$2bxshrd
843491,Kobey1066,Yunnan,2018/1/31,yS?4yqr
244244,Koran1095,Aomen,2018/1/30,cE!9ofcqi
117877,Jeromy1090,Aomen,2018/1/27,rB;4hniport
504804,Johncarlos1037,Shanghai,2018/1/27,tI=3emnqptj
755253,Moishe1053,Lasa,2018/1/26,"jF""7xbi"
792996,Mizael1041,Lasa,2018/1/26,pI?7xlc
821322,Henderson1059,Tangshan,2018/1/26,mW[6fpjq
569192,Mizael1055,Shijiazhuang,2018/1/24,"xC,9xikna"
715675,Kaveon1086,Guangdong,2018/1/21,gB$2qxbragv
387627,Jovanie1088,Aomen,2018/1/19,jZ>3qkv
536173,Kieron1011,Taiyuan,2018/1/18,lX4lsrkng
456211,Johncarlos1009,Zhangjiakou,2018/1/14,gA=2opjseg
992527,Chapman1084,Nanjing,2018/1/14,dT+5ibnsw
512484,Leron1043,Yangzhou,2018/1/13,oJ{2koaxnbh
533927,Caydin1091,Hainan,2018/1/13,hY|1gb
404019,Kieron1100,Guangxi,2018/1/9,rC-9ujy
512354,Kylee1003,Hefei,2018/1/9,yS.9frat
682711,Duran1087,Guangdong,2018/1/9,hO#6hirag
920155,Shaquan1054,Hainan,2018/1/9,mR/6spqdkxj
315976,Demetrice1041,Chongqing,2018/1/8,fB=5sdgwrx
795973,Sadiq1082,Chongqing,2018/1/7,dP*6drjhnb
918943,Decker1033,Shanghai,2018/1/7,nB?3jrglos
872574,Demonta1094,Zhangjiakou,2018/1/6,iS=9krvsuwf
939665,Caysen1021,Xianggang,2018/1/6,dF^0rsyhj
453948,Pascal1018,Chongqing,2018/1/5,lO@3lawk
760230,Javis1068,Xianggang,2017/12/30,dD;2jkgyc
106809,Henderson1095,Yangzhou,2017/12/29,kY$0fjtwces
678062,Johncarlos1019,Shanghai,2017/12/29,lH|5wdcs
829726,Stavros1092,Shijiazhuang,2017/12/29,cI}4comsxvp
994220,Nyle1060,Yunnan,2017/12/28,sH}5qm
517054,Brenan1038,Tianjing,2017/12/26,dL~9rinuks
584412,Daequan1015,Hefei,2017/12/26,tW*5lks
941667,Lou1016,Chongqing,2017/12/26,yT)6mief
778356,Sixto1068,Nanjing,2017/12/25,nM&4lxawqur
858204,Joell1053,Xianggang,2017/12/25,hX}9rtb
904219,Bryceson1084,Guangdong,2017/12/25,lS\9txr
674144,Demetrice1060,Zhangjiakou,2017/12/22,nU}4osubq
835254,Shaquan1087,Aomen,2017/12/21,zW_5fv
167386,Jaciel1095,Sichuan,2017/12/20,pL]1vni
587298,Nikos1073,Shanghai,2017/12/19,mE}2oevfibt
475109,Jeric1023,Sichuan,2017/12/18,wG5xehrv
210425,Ilijah1044,Guangxi,2017/12/17,aP@4hxfag
919118,Emmanual1073,Sichuan,2017/12/17,sW#6vod
415474,Ilijah1027,Lasa,2017/12/13,cE+1lxktey
546626,Jaiquan1046,Aomen,2017/12/12,mU|9lhux
723983,Quavon1076,Aomen,2017/12/12,fU~4grfqotx
507481,Pranay1062,Shanghai,2017/12/11,eR^4jrvbmup
843152,Nikos1001,Aomen,2017/12/7,wB#5ivmuxce
401060,Henderson1077,Zhejiang,2017/12/6,bY+4vikuyq
787206,Juventino1012,Chongqing,2017/12/6,rU{0rfnmtg
336823,Jermarion1029,Guangxi,2017/12/5,sJ:2encubdt
263299,Jeremaih1072,Tianjing,2017/12/1,pO!7eotr
771744,Devontay1020,Taiyuan,2017/11/30,gV1iemb
973172,Caysen1016,Xianggang,2017/11/30,zE]5nlsdrjc
378186,Shaquan1083,Sichuan,2017/11/29,lI}9ctgaj
921455,Itai1026,Tangshan,2017/11/29,pB-6umvb
987360,Jeremaih1062,Yunnan,2017/11/29,xO^4kxfalo
747640,Rock1096,Shijiazhuang,2017/11/26,jF(6dt
889873,Quavon1023,Zhangjiakou,2017/11/26,pG%9rjohqk
215870,Daequan1022,Zhangjiakou,2017/11/20,iX.2st
397677,Jamarri1060,Tangshan,2017/11/20,sD$2crdo
226950,Ellison1013,Tangshan,2017/11/18,"qO""2gmo"
768721,Djuan1078,Guangdong,2017/11/18,jX{9oc
951951,Haydin1086,Hainan,2017/11/18,wW!8vaynr
738436,Rayaan1036,Hainan,2017/11/17,"nX""2xreu"
604618,Braidyn1008,Tangshan,2017/11/15,bZ]6ixyldp
116338,Mace1063,Sichuan,2017/11/14,mE@7yixfev
257379,Devontay1089,Zhangjiakou,2017/11/14,lK*4uhg
762819,Braidyn1070,Taiyuan,2017/11/12,iO)4nuapcet
512778,Henderson1021,Hefei,2017/11/11,kS^2lkj
969204,Dvonte1079,Lasa,2017/11/10,aU@9ku
699293,Makale1050,Hefei,2017/11/9,bZ8pcioelg
111132,Jingjing1092,Hainan,2017/11/8,jD]9bt
481055,Shaquan1078,Guangdong,2017/11/8,"nL,3igocdf"
229798,Raheim1072,Chongqing,2017/11/7,cB-0ei
646159,Jeric1089,Guangxi,2017/11/7,cU>6qgmo
691850,Carlitos1094,Zhangjiakou,2017/11/7,qQ$3evpm
753527,Froylan1018,Tianjing,2017/11/6,zY:6th
561914,Jermey1080,Shijiazhuang,2017/11/4,zU;5wmclh
724370,Brenan1084,Nanjing,2017/11/4,jC+6xcgo
728727,Ellison1023,Hefei,2017/11/1,lO%0ndrelfo
698303,Christyan1011,Sichuan,2017/10/31,cD]5hbyt
907637,Shaquan1016,Tianjing,2017/10/31,mY6ubiaep
355149,Raheim1003,Zhejiang,2017/10/30,"aJ,9lfwamxv"
880321,Joell1080,Shijiazhuang,2017/10/29,gM}8bny
243823,Kaya1093,Nanjing,2017/10/25,nT>4ors
416869,Kaya1049,Guangxi,2017/10/25,gF)0ebluh
800288,Cosme1030,Tianjing,2017/10/25,wB:8qdent
873239,Koran1003,Zhejiang,2017/10/25,oQ@5lbnwp
515149,Gabryel1040,Zhangjiakou,2017/10/24,"lQ""9lx"
957979,Curren1008,Guangxi,2017/10/24,kJ(8brpk
700161,Sadiq1027,Zhejiang,2017/10/22,jK{4dxqo
850536,Koran1025,Hainan,2017/10/22,hP?5oqydvhi
221318,Garen1092,Sichuan,2017/10/20,"dI,3pw"
620070,Kerwin1094,Taiyuan,2017/10/18,zZ@4qyeod
199198,Long1097,Zhangjiakou,2017/10/17,nQ{0ngbkp
591285,Lou1029,Aomen,2017/10/17,qT*7uqo
448135,Haydin1018,Hainan,2017/10/16,yR-7oxalum
271523,Jeric1046,Aomen,2017/10/15,kJ!2esif
597092,Jingjing1012,Aomen,2017/10/15,oD<9hpwx
270751,Carlitos1080,Tangshan,2017/10/14,aU!7hijvyrg
716852,Itai1078,Guangdong,2017/10/14,bE!1fjgx
306410,Demonta1003,Taiyuan,2017/10/13,mG@5tebvqc
978842,Munir1036,Yunnan,2017/10/12,oW]7smw
156543,Jaryn1063,Nanjing,2017/10/11,zF.5bht
972892,Jeromy1017,Guangdong,2017/10/11,"pH,3uwpdbv"
608210,Heitun1077,Shanghai,2017/10/10,zY$7esx
411391,Cord1031,Tianjing,2017/10/7,sW#1bsvx
598077,Christyan1065,Guangxi,2017/10/7,sK+0dnoli
591748,Lou102,Chongqing,2017/10/6,aQ@3tq
482409,Sajid1023,Lasa,2017/10/5,sG#7ckyhol
968955,Long1059,Aomen,2017/10/3,cA(1ib
248318,Derin1065,Hefei,2017/10/2,eY[6wux
345179,Dashun1048,Shijiazhuang,2017/10/1,rM~5bkfe
658975,Jeremaih1079,Sichuan,2017/10/1,yW;5irfyth
811109,Sixto1163,Yunnan,2017/10/1,"uH""2nue"
620999,Cosme1085,Tianjing,2017/9/29,uY&9jaekqx
190701,Ellison1004,Shijiazhuang,2017/9/27,nX<3qjpwb
470449,Jaciel1025,Shijiazhuang,2017/9/27,gX#4suif
615305,Ellison1063,Zhangjiakou,2017/9/26,gX=5bdrwv
940451,Braidon1096,Xianggang,2017/9/26,zS<4pif
997325,Carlitos1073,Shijiazhuang,2017/9/26,"yK,3lhd"
443356,Kaya1059,Shijiazhuang,2017/9/23,iB+2lukqxs
364339,Jingjing1021,Shijiazhuang,2017/9/21,yH\5istham
386416,Daequan1049,Chongqing,2017/9/20,hL^3lriv
318514,Jahmal1037,Taiyuan,2017/9/17,sA!2uvsp
407401,Nova1088,Xianggang,2017/9/16,eW@2bpuc
503105,Sabin1059,Hainan,2017/9/15,mW+6bmxo
979145,Long1062,Guangxi,2017/9/15,qI%7sgctebo
691985,Jeric1060,Aomen,2017/9/14,rB<1otwu
997109,Caysen1075,Tangshan,2017/9/14,vE?1hdaxysr
175733,Mace1046,Hainan,2017/9/11,lB:3nrpql
486726,Demetrice1072,Nanjing,2017/9/11,jD@1qiepgn
852266,Mizael1057,Tianjing,2017/9/11,"tV,1hekolq"
778098,Caysen1081,Xianggang,2017/9/9,bL)0jw
918775,Mikale1008,Shanghai,2017/9/8,wC$8ypangmk
994599,Jospeh1008,Lasa,2017/9/7,lP>6wt
243662,Devlyn1099,Aomen,2017/9/5,nX|8kuyqp
468898,Christyan1080,Yunnan,2017/9/5,fZ}3idvcpk
641680,Jeromy1026,Nanjing,2017/9/4,xV{9wgdpa
463983,Jingjing1046,Shanghai,2017/9/3,cD=2jsb
737989,Ellison1018,Zhangjiakou,2017/9/3,oB!0ytkxdfp
833426,Cosme1068,Aomen,2017/9/3,yI!7bsge
430141,Rock1039,Zhejiang,2017/9/1,bE}8hltkds
668007,Cosme1097,Tianjing,2017/8/30,"yU,6rue"
947853,Sajid1058,Zhangjiakou,2017/8/26,uO^0maw
678708,Dashun1019,Tianjing,2017/8/22,qB_8scvjfg
139290,Ellison1052,Yunnan,2017/8/21,wT\5jselkbc
312144,Pranay1097,Shijiazhuang,2017/8/21,vP<8pnjvgq
335478,Keyonte1055,Tianjing,2017/8/21,yF$0gm
510616,Cord1006,Taiyuan,2017/8/21,fB{0wyj
800521,Kylee1018,Yunnan,2017/8/20,"wO,1xrp"
820237,Sixto1079,Shanghai,2017/8/19,nI;9lruxfj
464813,Keyonte1014,Aomen,2017/8/15,oJ+6ldngs
898768,Ilijah1007,Taiyuan,2017/8/14,fQ%3ehuvtn
878983,Derin1002,Taiyuan,2017/8/13,rV&5ishtf
849971,Leron1088,Guangxi,2017/8/12,"vX,7sa"
858152,Carlitos1017,Guangxi,2017/8/11,bJ}1ts
281637,Nikos1069,Zhejiang,2017/8/10,gO6gwxc
799325,Sadiq1084,Zhejiang,2017/8/8,"nV,5dghfbsx"
339676,Garen1015,Guangdong,2017/8/7,nH(1tqgsfu
698347,Jiovani1094,Yunnan,2017/8/7,uX(2domtfr
814612,Sadiq1074,Xianggang,2017/8/6,eP[7hn
804585,Cosme1066,Zhangjiakou,2017/8/4,xJ;0pkb
812152,Derin1044,Nanjing,2017/8/4,rW#3pf
826204,Sixto1051,Hefei,2017/8/3,aU\4uon
173665,Henderson1032,Tianjing,2017/8/2,eM_5gyo
652814,Braidyn1076,Yangzhou,2017/8/1,xC)6fukal
973665,Heitun1014,Shanghai,2017/8/1,iL*6shalbp
271726,Juventino1056,Hefei,2017/7/31,vQ%3yuqjf
614874,Cord1061,Hainan,2017/7/31,cV\3tm
643455,Jingjing1087,Hainan,2017/7/31,lK}0dbsacxu
138017,Pascal1058,Shijiazhuang,2017/7/28,jZ;3vfraque
798982,Kieron1006,Chongqing,2017/7/26,"yX,5ilwqp"
873169,Devontay1082,Yangzhou,2017/7/25,uA.8qgh
108441,Lelan1085,Taiyuan,2017/7/24,sV<1kb
313524,Cabot1067,Lasa,2017/7/23,nH?9xgps
631241,Lou1067,Guangdong,2017/7/23,lY\8vhdquyg
333213,Dashun1090,Hefei,2017/7/22,pR.7dgtnhv
435662,Jovanie1040,Zhangjiakou,2017/7/21,pZ/8cdsxky
547141,Munir1002,Taiyuan,2017/7/18,nE`5jldgk
103127,Derin1099,Aomen,2017/7/15,"hU,3okxq"
228367,Kartik1053,Lasa,2017/7/15,yX{6ncyaopg
163441,Pascal1015,Guangxi,2017/7/14,nX#5hqalk
970545,Joell1009,Zhejiang,2017/7/12,eO}6fuansr
655921,Mizael1075,Yunnan,2017/7/6,lZ`0eohxf
753682,Garen1060,Sichuan,2017/7/5,lK<1firgktm
883793,Moishe1032,Yunnan,2017/7/4,"xG,1nhcxla"
917953,Jaryn1079,Yunnan,2017/7/4,xK^2dp
697763,Bryceson1066,Tangshan,2017/7/3,nD;6ujr
875856,Luqman1055,Yangzhou,2017/7/3,"zI""6ha"
397364,Javis1088,Tianjing,2017/7/2,gZ|8lnw
712050,Lelan1086,Zhejiang,2017/6/30,cP=5xrulady
488274,Rayaan1092,Hainan,2017/6/28,gO$6kwpfilc
726964,Kaveon1045,Hefei,2017/6/28,gB/5qh
903475,Lou1098,Lasa,2017/6/27,eS@3tkveysg
511621,Jeremaih1050,Zhangjiakou,2017/6/26,bG<4wuxg
931815,Leron1054,Guangdong,2017/6/26,vR}1bhancf
549802,Mycah1080,Lasa,2017/6/25,vG!3mu
119849,Jingjing1013,Hainan,2017/6/24,oX\8tcgb
641092,Decker1096,Sichuan,2017/6/24,lK9xwynkqg
369307,Bryceson1033,Xianggang,2017/6/22,zQ:7grdwbf
560734,Luqman1035,Yangzhou,2017/6/22,dJ?7rolj
195577,Djuan1054,Hainan,2017/6/21,pM-7fab
220770,Jingjing1074,Zhejiang,2017/6/20,nH}3bqlshxi
724113,Clive1059,Lasa,2017/6/20,wI\6qeila
476142,Jaysean1040,Tangshan,2017/6/18,"lM,5hbku"
317943,Mizael1024,Hainan,2017/6/17,qO$7qpa
466131,Cabot1020,Xianggang,2017/6/17,oF@1nibq
572043,Derin1043,Zhejiang,2017/6/16,gM(0cr
304512,Long1093,Taiyuan,2017/6/15,aI?2tg
706721,Clive1042,Guangdong,2017/6/14,"oM,8fpcoykl"
444908,Caydin1041,Guangxi,2017/6/13,gM/4xbfj
221673,Moishe1039,Shijiazhuang,2017/6/12,vR{4ul
321401,Chapman1012,Sichuan,2017/6/12,yS=7ivafnre
368592,Matthews1005,Hefei,2017/6/12,gM|6luy
446717,Juventino1097,Guangxi,2017/6/12,fJ]0rfe
739419,Kaveon1081,Shijiazhuang,2017/6/12,pP]9yhtosi
798264,Kaya1030,Nanjing,2017/6/11,zO$2nlucy
711265,Doran1038,Hefei,2017/6/8,eV=2pdhtmkn
962590,Jiovani1092,Chongqing,2017/6/8,pM/0gm
111440,Doran1025,Taiyuan,2017/6/7,fE_2vrb
183022,Cosme1767,Chongqing,2017/6/6,uB?7ioq
447885,Henderson1099,Aomen,2017/6/5,rB%6pdeci
390705,Dvonte1091,Yangzhou,2017/6/4,mG)0dbvc
733003,Dshawn1074,Sichuan,2017/6/4,uJ6ieasgc
882727,Curren1007,Taiyuan,2017/6/4,zZ}3gxo
404888,Kerwin1070,Taiyuan,2017/6/3,rF_7jefltou
490707,Emmanual1058,Nanjing,2017/5/31,lE8curf
535110,Haydin1005,Xianggang,2017/5/31,dL+4wvq
974637,Joell1010,Yangzhou,2017/5/30,xF=2xtao
792426,Ellison1069,Hefei,2017/5/29,eF>0si
174377,Juventino1022,Tianjing,2017/5/27,kT_9qjvgpu
237854,Weijing1062,Shijiazhuang,2017/5/27,wI;5niuyvgc
977425,Carlitos1071,Xianggang,2017/5/26,cM]0qnipsb
122026,Weijing1035,Yunnan,2017/5/25,tC/4wkpfbs
739858,Kerwin1064,Tangshan,2017/5/25,fS@1nhvrdt
814019,Koran1022,Taiyuan,2017/5/25,"tE,8hsentd"
415449,Itai1031,Taiyuan,2017/5/24,oE{1fwhnils
176647,Duran1023,Yunnan,2017/5/23,mI}3rgicjlw
363876,Juventino1014,Aomen,2017/5/23,qI/5jmu
772711,Emmanual1035,Sichuan,2017/5/23,nZ/9bci
953110,Braidyn1067,Xianggang,2017/5/23,eD:3fbo
197672,Pascal1002,Shanghai,2017/5/22,sT$0qp
207061,Jaysean1017,Tangshan,2017/5/22,aQ{2qsfx
860973,Froylan1045,Tangshan,2017/5/21,tS2hgesauk
275629,Mizael1093,Sichuan,2017/5/20,vG`7fhcnrd
735028,Jeric1075,Yangzhou,2017/5/19,oO_9wexyku
379272,Rayaan1087,Shijiazhuang,2017/5/17,pH:8delnvgs
746042,Gabryel1042,Zhangjiakou,2017/5/17,vR{3gruc
854856,Raheim1018,Xianggang,2017/5/15,kO{5lr
192405,Kaveon1036,Tangshan,2017/5/14,mR>8nflyhi
215864,Chapman1007,Lasa,2017/5/12,mD)6pkbai
931957,Christyan1054,Chongqing,2017/5/12,eO7opnjmx
938048,Jovanie1094,Hainan,2017/5/12,"oD,8ekybhj"
640866,Jeromy1051,Guangxi,2017/5/11,hJ!0lbigd
521962,Rock1041,Shijiazhuang,2017/5/10,uA?8iml
767044,Jermey1035,Guangxi,2017/5/10,xI}2stpaghk
153975,Mikale1100,Lasa,2017/5/9,lL\1gjsql
358898,Dashun1080,Nanjing,2017/5/9,iQ|6ye
147843,Matthews1043,Taiyuan,2017/5/8,oT%6xbdqt
512523,Pinchus1007,Nanjing,2017/5/6,xW>5li
235431,Lelan1075,Xianggang,2017/5/5,pZ1fcr
649834,Dashun1095,Yunnan,2017/5/5,hK^9sk
714639,Demonta1000,Chongqing,2017/5/3,rM}3gbyav
978562,Caydin1092,Lasa,2017/5/3,vP!8yvnju
359310,Shaquan1026,Guangxi,2017/5/1,"aN,3ueyf"
655497,Juventino1009,Sichuan,2017/4/28,"dB,2mplyg"
254824,Duran1030,Guangdong,2017/4/27,dL+2ag
180212,Doran1016,Xianggang,2017/4/26,mJ&6vy
131984,Moishe1060,Hefei,2017/4/25,yS{7fwbqmxd
756023,Djuan1063,Hefei,2017/4/25,xV}9wvlxrc
288695,Daequan1074,Shanghai,2017/4/24,"cE,1gtanc"
409961,Collen1059,Guangdong,2017/4/22,zW~7uyioslb
576686,Jaysean1099,Xianggang,2017/4/22,xB~2slgxbuq
516068,Collen1060,Sichuan,2017/4/21,sW}1yaur
549918,Nyle1084,Xianggang,2017/4/21,nL[1saf
457653,Keyonte1007,Shanghai,2017/4/19,kQ<6vjefdni
268309,Decker1029,Zhejiang,2017/4/17,zS{4orvx
945193,Jeric1013,Tianjing,2017/4/15,jF[7ly
290048,Froylan1017,Shanghai,2017/4/14,"hJ,3jqepxwi"
512664,Keyonte1045,Tangshan,2017/4/13,nY&6ingvtp
513634,Gabryel1079,Nanjing,2017/4/12,lJ{2ekonhxf
956220,Mizael1059,Sichuan,2017/4/11,"tR""3xiq"
997799,Rayaan1002,Zhangjiakou,2017/4/10,uQ{2bnpkowv
661482,Sajid1083,Lasa,2017/4/9,xQ_7kdgyf
778843,Sadiq1056,Guangxi,2017/4/8,"gJ,7kx"
891151,Jermarion1046,Zhangjiakou,2017/4/8,gR}2nwba
410835,Damean1047,Shanghai,2017/4/5,uR*1ihwv
848720,Koran1090,Hainan,2017/4/4,jL/7xrsqh
789528,Sixto1014,Shijiazhuang,2017/4/2,fR:0liyox
145038,Kaveon1018,Nanjing,2017/3/31,sE/2tf
645476,Mace1074,Guangxi,2017/3/31,gX/1xcag
340162,Jeric1042,Guangxi,2017/3/30,nX]2frcg
845517,Damean1076,Chongqing,2017/3/30,wR`5cojukh
660923,Shaquan1002,Aomen,2017/3/29,"xX""5ksune"
773450,Lelan1025,Taiyuan,2017/3/29,sO_5adsg
963153,Jaysean1037,Xianggang,2017/3/29,kE(7gtfpd
619161,Christyan1092,Shijiazhuang,2017/3/28,iQ_7iej
184294,Koran1049,Xianggang,2017/3/27,"fI,6scwb"
635947,Kaya1015,Zhangjiakou,2017/3/27,"vV,0iukgs"
895068,Johncarlos1052,Aomen,2017/3/27,bJ.6hygw
254874,Javis1025,Shanghai,2017/3/26,fB(4nhpckyt
995484,Clive1010,Guangdong,2017/3/25,nH;5ar
120333,Stavros1042,Yunnan,2017/3/22,mT-1bae
296791,Weijing1074,Lasa,2017/3/17,yR~0vskroa
301365,Henderson1035,Hefei,2017/3/17,jB-4haxps
813460,Makale1001,Tianjing,2017/3/17,aL\5qycf
181090,Cord1098,Yangzhou,2017/3/16,oQ\1wdgjbp
350885,Jeric1087,Tangshan,2017/3/14,aB$6oxhbl
939511,Kerwin1010,Xianggang,2017/3/14,hJ=2hm
407618,Demonta1017,Zhangjiakou,2017/3/12,lX.1cx
480064,Jeremaih1020,Guangxi,2017/3/12,sU%3gxtb
607078,Jeric1043,Xianggang,2017/3/10,sZ?2ptf
401558,Sixto1035,Hefei,2017/3/8,aS.9yr
679173,Jiovani1097,Xianggang,2017/3/8,cR|7sobkun
525032,Johncarlos1027,Tangshan,2017/3/5,"wB,0wnl"
902529,Kaya1097,Yunnan,2017/3/5,qG)0mgc
948074,Jeric1048,Yangzhou,2017/3/5,hE)6fs
254410,Kaya1045,Yangzhou,2017/3/3,sG}7cdf
922832,Devlyn1026,Taiyuan,2017/3/3,gP@4en
440594,Luqman1044,Guangxi,2017/2/27,fF&9glyut
955748,Kartik1003,Guangdong,2017/2/27,kD{1abmdncg
229856,Kendan1010,Hefei,2017/2/26,wZ]2hgyamnx
828205,Jermey1050,Hefei,2017/2/26,bO\7bh
255397,Garen1095,Yunnan,2017/2/25,pC*3afvucwe
362027,Demetrice1085,Guangdong,2017/2/25,"wJ,8ruoksf"
692934,Leron1076,Hainan,2017/2/24,dF+4ld
791903,Cabot1065,Hefei,2017/2/23,oS=9ot
509652,Jaciel1079,Sichuan,2017/2/21,sW&4lwr
679040,Chapman1045,Shanghai,2017/2/21,gX(3ngbem
266242,Kylee1051,Shanghai,2017/2/20,gT_9de
390192,Mycah1076,Yunnan,2017/2/20,gC.6jpbmca
429635,Collen1042,Yangzhou,2017/2/20,wM\8lfiyktm
806018,Caydin1015,Shijiazhuang,2017/2/20,qJ}2jxlk
969978,Jaryn1072,Hainan,2017/2/19,yW-7ocim
354434,Jermarion1048,Hainan,2017/2/18,nA~5eht
891378,Garen1043,Tangshan,2017/2/18,iJ<8xbmfhvc
943286,Dashun1030,Guangxi,2017/2/16,iO=5goj
279008,Doran1054,Chongqing,2017/2/15,jA)6rkdmi
381377,Haydin1047,Guangxi,2017/2/15,"lK""1fga"
322911,Daequan1061,Yangzhou,2017/2/14,"tL,0my"
525066,Pascal1041,Tianjing,2017/2/14,eX]0ngq
760293,Braidyn1051,Chongqing,2017/2/14,xF{3xpoahcl
394227,Cabot1061,Sichuan,2017/2/13,wR@9ljiar
875521,Gabryel1018,Zhangjiakou,2017/2/13,gH/9jmg
469280,Kaya1026,Yunnan,2017/2/12,kK^9stp
735924,Pinchus1056,Yangzhou,2017/2/11,aI}5xikjo
190338,Ellison1042,Zhejiang,2017/2/10,yU{4yqjgvul
246941,Mycah1093,Xianggang,2017/2/10,wD-5nsumgyt
577694,Demonta1097,Sichuan,2017/2/10,uB(7shp
923523,Stavros1041,Hainan,2017/2/10,bG(4bpyv
257064,Pranay1053,Aomen,2017/2/9,gY.2nkurtwq
866712,Nikos1030,Tianjing,2017/2/8,"xF""3cjbp"
743389,Kylee1007,Zhejiang,2017/2/7,"jU,9pysj"
912493,Haydin1044,Guangxi,2017/2/5,rE%5pvf
713129,Sixto1094,Guangdong,2017/2/4,sU{9nourh
913301,Lelan1073,Shijiazhuang,2017/2/4,"yL""4fqlka"
463134,Koran1034,Yunnan,2017/2/2,mZ!9gyibeo
293227,Quavon1089,Tangshan,2017/1/31,"lD,5fcvu"
943741,Kaya1025,Zhangjiakou,2017/1/31,jS>3lx
544762,Dvonte1071,Tangshan,2017/1/29,fY.1yxjlsam
727614,Moishe1070,Guangdong,2017/1/29,"yZ""5ak"
736703,Jeromy1001,Guangxi,2017/1/28,mE;1vtli
968121,Sabin1053,Hefei,2017/1/28,jK/1rtmg
614428,Clive1026,Shijiazhuang,2017/1/27,iM>6wrlui
166680,Jermey1059,Chongqing,2017/1/26,mK%0vdhtecr
174290,Christyan1048,Guangxi,2017/1/26,vN$8gko
343228,Luqman1001,Tangshan,2017/1/26,fD=2iekwc
543297,Braidon1045,Xianggang,2017/1/24,mL%8sqamlh
619147,Johncarlos1090,Yangzhou,2017/1/24,lB$8yaxmebj
737330,Carlitos1080,Sichuan,2017/1/24,cA{6yqjvedt
914969,Sixto1063,Shanghai,2017/1/24,uL}4upmgb
284792,Derin1017,Tianjing,2017/1/22,bZ~9maji
784565,Keyonte1065,Chongqing,2017/1/22,oT{7phlm
151463,Clive1021,Aomen,2017/1/21,jO-6fyo
372084,Dshawn1017,Shijiazhuang,2017/1/21,hW[4sqrcv
740235,Doran1018,Yunnan,2017/1/21,uM^3lxqcomr
830052,Nova1046,Guangdong,2017/1/20,"vD,3jmh"
944526,Rayaan1067,Tianjing,2017/1/20,"kY,2vhx"
990275,Caydin1057,Chongqing,2017/1/20,aK|4hxnipt
329731,Jingjing1052,Shanghai,2017/1/19,uH=3be
238335,Christyan1052,Xianggang,2017/1/13,"kP""6racp"
268264,Haydin1057,Guangdong,2017/1/13,cM?3li
555723,Haydin1027,Hefei,2017/1/13,pG4ycvh
651457,Carlitos1075,Chongqing,2017/1/12,mF@6ydnevkm
801145,Daequan1057,Shijiazhuang,2017/1/12,dK}9qut
906955,Sajid1018,Tangshan,2017/1/12,qF$6gxjiua
907556,Jermarion1078,Yunnan,2017/1/12,"bA,8gk"
274335,Ellison1078,Aomen,2017/1/10,"hU,0mdi"
340190,Rock1014,Nanjing,2017/1/9,"uV,3drnxs"
997944,Devontay1057,Yangzhou,2017/1/9,tL>4mgcxl
308482,Jermarion1011,Xianggang,2017/1/8,eP^1elswy
994320,Long1009,Aomen,2017/1/8,kQ\5ep
142828,Emmanual1091,Lasa,2017/1/5,cC{3hqeao
167811,Sadiq1080,Yunnan,2017/1/5,uG^7opy
865446,Jospeh1074,Yangzhou,2017/1/5,gF!4hyu
993637,Braidon1078,Shanghai,2017/1/5,vH_4vrwq
289259,Lelan1026,Zhangjiakou,2017/1/4,kV]5xowgeqk
804215,Lelan1053,Zhangjiakou,2017/1/4,"sI,2vlw"
428524,Jospeh1054,Taiyuan,2017/1/2,qO/6efbqums
450317,Clive1065,Tangshan,2017/1/2,cI>4ucyh
558871,Rayaan1054,Yunnan,2017/1/2,jU_0boagr
677662,Demonta1093,Zhangjiakou,2016/12/29,wA_1as
241354,Djuan1006,Nanjing,2016/12/25,wT:0nxril
137435,Mace1031,Lasa,2016/12/22,zZ*4sxqtveu
271582,Matthews1021,Shanghai,2016/12/20,bN/6vsuewn
583884,Kaya1076,Guangxi,2016/12/20,dD{1uodlx
107805,Mace1015,Guangxi,2016/12/19,"aP""2fik"
654985,Raheim1087,Zhejiang,2016/12/19,qP!3suc
341249,Bryceson1067,Zhangjiakou,2016/12/18,uZ>0nykpew
408685,Mizael1072,Zhangjiakou,2016/12/17,pK@8ga
494381,Henderson1033,Guangxi,2016/12/16,uJ`9erayx
746418,Kaveon1037,Aomen,2016/12/16,rU>8feojikr
990160,Curren1030,Guangdong,2016/12/16,pM|7jpauqrl
236391,Joell1006,Lasa,2016/12/15,"oL,7njkvyr"
174673,Jermarion1019,Hefei,2016/12/14,yQ?6yiul
478754,Shaquan1020,Zhejiang,2016/12/14,kL&2qdwg
885048,Stavros1087,Nanjing,2016/12/13,vN(8fdit
592928,Jaysean1034,Zhejiang,2016/12/11,jK~1lmsjk
773113,Carlitos1042,Sichuan,2016/12/8,tQ:8tdf
224400,Curren1058,Hainan,2016/12/7,oR*7fg
487949,Mikale1007,Taiyuan,2016/12/7,iD?0peymujd
589273,Duran1053,Nanjing,2016/12/5,oI:2atpwxg
115136,Leron1046,Xianggang,2016/12/4,wW+5eg
550129,Sajid1048,Lasa,2016/11/30,yA}9oudtq
314365,Derin1105,Xianggang,2016/11/29,"sC,2vjyrp"
430183,Derin1100,Taiyuan,2016/11/29,gD?1js
748626,Koran1087,Hainan,2016/11/29,kO:9neywsgt
798623,Garen1029,Lasa,2016/11/29,gQ*1laj
324795,Leron1011,Hefei,2016/11/28,lE&4thla
179394,Leron1077,Lasa,2016/11/26,nF\4fqhrla
122346,Luqman1070,Guangxi,2016/11/25,hG=6qkld
834613,Haydin1041,Xianggang,2016/11/25,iS&9wbm
813278,Braidon1018,Xianggang,2016/11/24,dZ~2bxwvtnu
983913,Jamarri1015,Yangzhou,2016/11/23,aO{2yg
728957,Matthews1096,Guangdong,2016/11/22,bA_4qfb
132839,Munir1096,Taiyuan,2016/11/20,wL@4qj
186572,Sajid1085,Hainan,2016/11/20,oK`8lftcxi
993735,Duran1083,Zhejiang,2016/11/20,rR}1jw
219149,Jermarion1064,Yangzhou,2016/11/19,mU|1hieb
955070,Lelan1096,Hefei,2016/11/18,zN$5xvhmyp
284333,Kylee1028,Hefei,2016/11/14,mM[4bp
147488,Matthews1032,Lasa,2016/11/13,"mB,2yhc"
306229,Chapman1061,Xianggang,2016/11/13,uX^0niakuhx
703565,Lou1037,Nanjing,2016/11/12,oF~1fo
827411,Makale1012,Sichuan,2016/11/11,fI_3lnk
971243,Emmanual1032,Lasa,2016/11/7,"tG,5rvtpmkq"
526380,Sabin1057,Shanghai,2016/11/6,fU*0wmg
121066,Pinchus1001,Lasa,2016/11/5,oJ@4igowbfq
126377,Clive1066,Zhangjiakou,2016/11/4,lM}4qgrd
255224,Emmanual1014,Yangzhou,2016/11/3,tY>3doqfpk
449588,Kendan1020,Tangshan,2016/11/3,rD-3yrsviuw
508195,Matthews1094,Yunnan,2016/11/3,"pZ,3gtlcjen"
946616,Mycah1054,Tianjing,2016/11/2,jS!7iahnk
971662,Christyan1043,Nanjing,2016/11/2,sU]7iajqdn
229068,Mycah1058,Lasa,2016/10/30,eT>1ing
664745,Dshawn1087,Yunnan,2016/10/30,kC#5cnuv
714454,Kerwin1025,Tianjing,2016/10/29,hY}6qckj
444765,Cabot1186,Chongqing,2016/10/28,fL_7maxhbyu
159079,Kaveon1016,Zhangjiakou,2016/10/27,qP=3hjd
635072,Long1010,Sichuan,2016/10/27,dM}6fxge
305533,Brenan1066,Yunnan,2016/10/26,lZ?3wqxnpym
490821,Kobey1021,Yangzhou,2016/10/25,vR}6ucofnae
361538,Dshawn1046,Lasa,2016/10/20,fE$4hyej
372516,Braidon1040,Sichuan,2016/10/20,mN^3qihcd
463890,Stavros1086,Zhejiang,2016/10/19,"mK,4mcrild"
474775,Pinchus1043,Nanjing,2016/10/14,pX}4ec
616037,Collen1086,Xianggang,2016/10/14,bU|7mlu
646540,Raheim1054,Tianjing,2016/10/14,nH?9sbglma
872442,Gabryel1072,Aomen,2016/10/9,rV5wvcrd
558748,Javis1097,Hainan,2016/10/7,cL#6fotlh
831918,Johncarlos1057,Nanjing,2016/10/7,eE+3dylsj
784435,Mikale1064,Tangshan,2016/10/6,nO>4vi
469317,Shaquan1065,Chongqing,2016/10/5,"qK,2mwvgra"
298522,Carlitos1020,Taiyuan,2016/10/4,tB-5cmgyb
372396,Cabot1005,Shanghai,2016/10/4,"sO""1srdguj"
657570,Derin1069,Yangzhou,2016/10/3,iC(7cv
250710,Johncarlos1022,Sichuan,2016/10/1,sN=7ndgeyv
169456,Kylee1096,Yunnan,2016/9/30,rH1onsuf
274450,Caysen1043,Taiyuan,2016/9/30,pD~5meyo
310121,Leron1037,Tangshan,2016/9/29,pA~1oh
383428,Jermey1002,Chongqing,2016/9/29,kG(7sh
111259,Braidon1069,Guangxi,2016/9/26,fA%2jxgsynr
991629,Sadiq1088,Yunnan,2016/9/26,pB)5jrne
965179,Daishawn1067,Hefei,2016/9/24,cJ}4ohufjl
350164,Joell1077,Shanghai,2016/9/23,"dO,5dvbjnh"
464788,Demonta1027,Guangxi,2016/9/22,tB;7ts
753640,Sadiq1072,Xianggang,2016/9/20,cV;1efb
906848,Long1079,Zhejiang,2016/9/20,lD$4kru
736911,Munir1066,Yangzhou,2016/9/18,tT<1ihetrub
409617,Doran1035,Lasa,2016/9/17,wK!8kcof
242566,Demonta1060,Chongqing,2016/9/16,zD%0bniu
375634,Kerwin1045,Xianggang,2016/9/16,zT&9tohex
680194,Derin1030,Hainan,2016/9/16,hF!1ubjkm
557894,Raheim1094,Guangxi,2016/9/14,xB@2bsdkp
563499,Keyonte1016,Guangdong,2016/9/14,"pK,9sdkwui"
423981,Itai1001,Yangzhou,2016/9/13,oY$8wufmnv
828566,Juventino1008,Zhejiang,2016/9/13,"dM,7upxtvof"
526510,Damean1079,Shijiazhuang,2016/9/9,jF}0yjhu
342962,Sajid1007,Yunnan,2016/9/8,eS;9gkhm
766428,Sajid1058,Sichuan,2016/9/8,"hB,0rtdw"
527166,Sadiq1092,Shijiazhuang,2016/9/6,vL0umv
103363,Bryceson1056,Chongqing,2016/9/5,zS~1boic
973481,Jospeh1093,Lasa,2016/9/4,vF$3nfes
154698,Garen1060,Zhangjiakou,2016/9/3,dX9cfsaqp
874885,Caydin1099,Nanjing,2016/9/3,bC?3vphnfwy
619419,Duran1014,Zhejiang,2016/9/2,pT!9thorb
935681,Henderson1064,Nanjing,2016/9/2,tL/0uxtrpjv
354871,Munir1043,Xianggang,2016/8/31,uU=3erju
919005,Pascal1045,Lasa,2016/8/31,"zD,9ui"
442452,Caydin1066,Guangdong,2016/8/30,fC-3tmbwhr
448343,Pascal1036,Tangshan,2016/8/30,bA{0xfsuige
800363,Kobey1073,Tangshan,2016/8/30,tV.2oles
859086,Jermey1062,Yunnan,2016/8/28,"mP""0qlyhe"
451139,Cabot1086,Yunnan,2016/8/26,aY[1bnesaj
793301,Curren1010,Aomen,2016/8/25,"pR,6kh"
153170,Cord1074,Aomen,2016/8/24,yH]7mpucr
711355,Keyonte1004,Xianggang,2016/8/24,cR*8pjha
918646,Jospeh1096,Sichuan,2016/8/24,pM~7eadwhgy
114412,Collen1018,Guangdong,2016/8/22,cC&8cn
914598,Demetrice1021,Sichuan,2016/8/22,dA~1cuh
386554,Doran1089,Yunnan,2016/8/19,cV@1qt
680233,Leron1034,Shijiazhuang,2016/8/18,kF[4mj
495271,Jermarion1094,Shanghai,2016/8/17,zM@8rvd
379783,Bryceson1070,Zhangjiakou,2016/8/16,jA&3ft
798958,Clive1065,Tianjing,2016/8/14,hR&1qdbeaog
225423,Ilijah1031,Shijiazhuang,2016/8/11,cP{1aixhr
993689,Emmanual1086,Taiyuan,2016/8/11,rR3dipr
254245,Juventino1023,Xianggang,2016/8/9,kZ:1wjhm
880314,Braidon1072,Tianjing,2016/8/8,cZ.1ce
937304,Kerwin1079,Chongqing,2016/8/7,yV!9fgac
463367,Pranay1074,Guangdong,2016/8/6,bK*1rpvk
567530,Jiovani1052,Sichuan,2016/8/6,qL=4hubiwrc
105325,Sixto1083,Hefei,2016/8/5,iE<5tkrgobn
166267,Kerwin1074,Nanjing,2016/8/3,"xL""9vayc"
225361,Jiovani1043,Sichuan,2016/7/31,aN[7mx
407118,Djuan1027,Tianjing,2016/7/29,iW{5cjbro
497763,Nikos1002,Hefei,2016/7/29,bL;2vq
685522,Munir1042,Guangdong,2016/7/29,oQ\7odkmhiy
614675,Brenan1090,Nanjing,2016/7/27,kH^0bly
649903,Nyle1085,Zhangjiakou,2016/7/27,gG+1sdpa
129336,Joell1007,Guangdong,2016/7/24,"pE,7nqpdf"
200615,Jovanie1080,Nanjing,2016/7/24,vS?6xc
623909,Sadiq1036,Yunnan,2016/7/24,bP\4ksc
703261,Koran1092,Xianggang,2016/7/24,wE7alfeo
185403,Munir1081,Zhejiang,2016/7/22,nM;0iqvd
241018,Froylan1079,Shijiazhuang,2016/7/22,cW^5vkmtsi
958572,Cabot1029,Tianjing,2016/7/22,cU_9lr
269051,Devlyn1013,Yangzhou,2016/7/21,bA\0em
603680,Haydin1030,Guangdong,2016/7/19,sL>4yioea
606680,Braidyn1035,Shanghai,2016/7/18,aX{0qnvobh
695135,Daishawn1033,Shanghai,2016/7/18,xU`0cq
603391,Jovanie1024,Zhejiang,2016/7/16,xS$9bkxmuvt
300081,Carlitos1060,Sichuan,2016/7/15,rV:2er
626128,Jermey1088,Aomen,2016/7/15,gV}2gq
299359,Joell1021,Chongqing,2016/7/14,zA|2fburly
314699,Braidon1086,Yangzhou,2016/7/14,qW-9dk
880448,Brenan1060,Taiyuan,2016/7/14,yL>1cwso
745109,Jeromy1026,Shijiazhuang,2016/7/13,"xK,5bagtinh"
775028,Froylan1028,Xianggang,2016/7/13,"jF,1rce"
561826,Pinchus1036,Xianggang,2016/7/12,iS&5swuavq
359557,Kartik1077,Chongqing,2016/7/10,sU+7miug
486963,Cord1092,Aomen,2016/7/9,jB(3uga
695397,Moishe1014,Xianggang,2016/7/9,jI}1afpl
112793,Demonta1037,Guangdong,2016/7/6,kY=2hwpuvm
354620,Doran1020,Guangdong,2016/7/6,zX.3ckgauj
768009,Brenan1069,Sichuan,2016/7/6,"sU,7lbxuyd"
819196,Derin1084,Sichuan,2016/7/6,aJ$2lbdy
150420,Jermey1013,Tianjing,2016/7/5,kY:1yaxg
518214,Braidyn1019,Hefei,2016/7/5,uP@7krwvm
271626,Gabryel1026,Aomen,2016/7/4,gN?2rmksc
768787,Daishawn1025,Zhejiang,2016/7/4,rA-0nhuoq
543897,Emmanual1026,Guangxi,2016/7/3,sJ(3mnxejry
280501,Juventino1001,Hefei,2016/7/2,gZ{7scb
508123,Pranay1079,Zhejiang,2016/7/2,jU\4ypbcel
722768,Sadiq1028,Tangshan,2016/7/2,vP)6gkemul
915972,Shaquan1075,Hainan,2016/7/1,dV*3qjkpf
588960,Braidyn1075,Aomen,2016/6/30,mE?8kqp
482197,Clive1025,Hefei,2016/6/29,kF}6dkuh
615120,Caydin1026,Shijiazhuang,2016/6/29,dV<3egsdknf
910792,Clive1005,Xianggang,2016/6/29,kT{6xymrqow
949175,Leron1004,Yunnan,2016/6/27,iK.9ts
971322,Jamarri1011,Shanghai,2016/6/26,"cD,7uf"
319004,Mikale1097,Tianjing,2016/6/25,rS_1woagvn
286611,Jingjing1034,Yangzhou,2016/6/24,"pL,6nycoi"
162114,Demonta1001,Yangzhou,2016/6/23,"bK,4oarpx"
373909,Chapman1073,Sichuan,2016/6/21,vH&0geisln
646891,Makale1020,Guangdong,2016/6/21,tG%6cpalj
933725,Jeromy1076,Yangzhou,2016/6/20,sD\4gjy
689409,Christyan1083,Guangdong,2016/6/18,xY#1fc
134434,Kendan1053,Guangxi,2016/6/16,xT<7rcnfhm
147288,Devlyn1030,Xianggang,2016/6/16,"sC""2wk"
850118,Pinchus1076,Taiyuan,2016/6/16,xK@3hrde
229278,Sixto1072,Tianjing,2016/6/14,rI)6qblidyo
373717,Clive1071,Yunnan,2016/6/13,oQ#1cova
592734,Sixto1053,Yunnan,2016/6/13,lU*5niv
766403,Heitun1058,Chongqing,2016/6/12,yY?9ktqve
896107,Itai1076,Yangzhou,2016/6/12,zF.9ojhrx
832303,Mikale1092,Shijiazhuang,2016/6/10,lT5jnepfu
585559,Clive1560,Tangshan,2016/6/8,lG~3hvart
656937,Decker1043,Lasa,2016/6/8,gZ]8mwitrq
837611,Shaquan1046,Sichuan,2016/6/8,rG-4vtmkp
921122,Cord1014,Nanjing,2016/6/8,iP.0nfvmc
119313,Rock1034,Nanjing,2016/6/7,vC6ywqs
589955,Damean1039,Tangshan,2016/6/7,lL&1toc
220244,Djuan1072,Shanghai,2016/6/6,fX^2vhai
362104,Johncarlos1010,Yunnan,2016/6/6,wY\8ngqs
336127,Itai1028,Taiyuan,2016/6/4,bE/1fydbx
827518,Nikos1060,Yangzhou,2016/6/3,bW@6yb
854644,Jermarion1085,Tianjing,2016/6/1,tA*5dtk
326676,Jaryn1004,Guangxi,2016/5/31,aN;4faei
913911,Jermarion1077,Lasa,2016/5/31,vV>2fi
289607,Mycah1059,Zhangjiakou,2016/5/29,sC;9tkqwcxl
834185,Cord1065,Lasa,2016/5/29,kI^4ifxn
297148,Demetrice1090,Sichuan,2016/5/28,eG:0uj
349246,Long1036,Guangdong,2016/5/26,xT^5yeol
902598,Juventino1080,Taiyuan,2016/5/26,sR{5yocpqu
160808,Moishe1030,Shijiazhuang,2016/5/25,nE>2vdft
249525,Keyonte1080,Guangxi,2016/5/24,eQ]0udbjlxe
395074,Mizael1094,Xianggang,2016/5/24,jJ%2hmo
440750,Jeric1099,Xianggang,2016/5/24,xU>6kl
724190,Christyan1097,Taiyuan,2016/5/24,yV=2laovdsc
864664,Daishawn1080,Aomen,2016/5/24,rZ~9usna
924981,Bryceson1063,Xianggang,2016/5/23,iH}4maup
244406,Mikale1091,Chongqing,2016/5/22,"kZ,0nqg"
776354,Kobey1046,Lasa,2016/5/17,nX/0qng
975841,Braidyn1079,Nanjing,2016/5/15,yK#3bteny
324515,Kaveon1093,Shanghai,2016/5/12,gI:8qjm
848300,Damean1082,Tianjing,2016/5/12,wG}6jotv
564589,Caydin1069,Taiyuan,2016/5/11,zG*6pnymx
624464,Leron1006,Guangxi,2016/5/11,rQ<7pdikgo
187878,Jamarri1016,Nanjing,2016/5/9,"fM,1fmtuvoi"
716081,Jaysean1060,Yangzhou,2016/5/9,xA_0bv
729332,Christyan1005,Tangshan,2016/5/9,xV~8tmv
858170,Rayaan1070,Yangzhou,2016/5/3,jQ|6prfi
196416,Chapman1021,Lasa,2016/5/2,zM-2fdmue
387272,Sabin1052,Zhangjiakou,2016/4/30,wY}0cyspua
427363,Chapman1035,Shanghai,2016/4/30,eU*7kw
519743,Joell1040,Hainan,2016/4/30,nL\5iby
816564,Dvonte1098,Sichuan,2016/4/30,rT}6nkodjhy
247642,Devontay1054,Shanghai,2016/4/29,xH[9ogtnmkw
357277,Joell1004,Guangdong,2016/4/29,qB[9eqm
801551,Itai1065,Yangzhou,2016/4/29,dP!7adlpbh
835445,Jovanie1035,Lasa,2016/4/27,rN3sag
145376,Kylee1090,Tianjing,2016/4/26,qQ;9km
420567,Damean1063,Guangxi,2016/4/26,fV{9can
395856,Pranay1084,Hefei,2016/4/23,jM%3tj
519089,Demonta1082,Guangxi,2016/4/23,vH`7hsiym
768300,Caydin1079,Sichuan,2016/4/22,nM}5hrjeovs
448144,Decker1013,Hainan,2016/4/21,jU}4wvno
511691,Kendan1037,Zhejiang,2016/4/20,fD!8bjkurcw
623484,Lelan1036,Chongqing,2016/4/19,jP^7uikms
299475,Long1042,Zhangjiakou,2016/4/17,dO!7xu
475913,Chapman1083,Tangshan,2016/4/17,nB:6yxfu
530119,Demonta1077,Taiyuan,2016/4/15,sP.8edqv
883913,Nova1058,Tangshan,2016/4/14,jK3edstwqn
902530,Kieron1018,Shijiazhuang,2016/4/13,rR(0bed
138063,Sixto1097,Taiyuan,2016/4/12,rU:7pnhko
825810,Javis1028,Taiyuan,2016/4/12,"jQ,9rhmdp"
562512,Daishawn1013,Nanjing,2016/4/9,lO_0ptgrdiq
653196,Kendan1010,Shanghai,2016/4/9,aZ%2twjxqb
749170,Raheim1022,Yangzhou,2016/4/9,bQ0gr
843758,Jaysean1076,Xianggang,2016/4/9,fT\0bt
314689,Curren1019,Hefei,2016/4/8,kJ/7ytewqd
978824,Curren1025,Taiyuan,2016/4/8,cJ-6fnub
955725,Jeromy1019,Lasa,2016/4/6,cE=7qcd
619787,Devontay1027,Zhejiang,2016/4/5,gE[6rvs
204587,Jeremaih1086,Yunnan,2016/4/4,qA.5beupn
336822,Nikos1089,Yunnan,2016/4/4,dZ:4jyabwvm
877088,Froylan1083,Sichuan,2016/3/31,"lE,9mfethln"
617337,Ellison1046,Chongqing,2016/3/30,cV{2bp
561870,Devontay1055,Taiyuan,2016/3/29,uF-9qyonwm
702744,Kobey1053,Tangshan,2016/3/28,rZ>8tub
159597,Jermarion1043,Aomen,2016/3/26,zP\5ytfwr
970887,Jaysean1050,Hefei,2016/3/25,iD{1fatsxe
647468,Henderson1078,Nanjing,2016/3/23,vO/1irlo
894251,Lelan1099,Shanghai,2016/3/23,iD>7fbmdu
951083,Curren1096,Shijiazhuang,2016/3/23,"lE,9grn"
986908,Mace1010,Taiyuan,2016/3/23,nT}7mq
866715,Daishawn1037,Hainan,2016/3/20,eU!3xi
533797,Devlyn1022,Tianjing,2016/3/18,pG)8bh
203030,Doran1056,Nanjing,2016/3/17,xL*0xsh
142975,Nyle1006,Taiyuan,2016/3/16,yU|3ulfkcrd
222053,Kylee1058,Sichuan,2016/3/16,bG(0dgucboj
356433,Koran1072,Taiyuan,2016/3/16,yP8jhvfyp
823052,Demonta1100,Lasa,2016/3/16,oT+1lhbum
873596,Shaquan1062,Tangshan,2016/3/15,bE%4ydmo
228908,Cord1006,Xianggang,2016/3/14,eE-7mlrhfvs
709530,Keyonte1066,Chongqing,2016/3/9,wM}2wi
541406,Caysen1049,Shijiazhuang,2016/3/8,dE-9umt
714600,Jospeh1014,Guangdong,2016/3/8,nB&6bvh
151939,Itai1025,Nanjing,2016/3/7,kS[0jqnwcb
186896,Jovanie1045,Nanjing,2016/3/7,oO;8esjhg
100299,Demetrice1067,Zhejiang,2016/3/6,zZ>6xjvim
741320,Devlyn1063,Tangshan,2016/3/4,dI}5kf
499522,Mizael1060,Tangshan,2016/3/3,hR6ny
323303,Jeromy1098,Shanghai,2016/3/1,hP{6nowah
531907,Jingjing1020,Zhangjiakou,2016/2/29,rM)5ndeu
894910,Braidyn1046,Xianggang,2016/2/27,xZ{4fs
512838,Damean1050,Lasa,2016/2/25,wC\2amiocf
100355,Bryceson1041,Yangzhou,2016/2/24,eA\1ngedrb
240745,Jaciel1028,Yunnan,2016/2/24,hE_7ev
386822,Jingjing1063,Xianggang,2016/2/24,"jM,0tne"
950878,Doran1059,Yangzhou,2016/2/24,eK&2aksdo
833376,Jermarion1007,Zhejiang,2016/2/20,dP[2brlcw
371044,Javis1065,Tangshan,2016/2/19,uZ.3nwt
290563,Caysen1020,Shijiazhuang,2016/2/18,zU{7ci
789452,Makale1062,Lasa,2016/2/17,yL}5mdxnuyf
903798,Jaciel1012,Sichuan,2016/2/17,"yX,5flb"
907511,Sixto1037,Hefei,2016/2/16,"pJ,9nukco"
139188,Shaquan1073,Shanghai,2016/2/13,aG[8pfglcty
546356,Garen1006,Zhangjiakou,2016/2/13,kF^7tvx
615192,Collen1758,Aomen,2016/2/11,jZ@2dmyit
182016,Cord1093,Guangxi,2016/2/10,hL*6nstyi
249794,Emmanual1046,Hefei,2016/2/10,jO%9ewcmt
694329,Nyle1035,Shijiazhuang,2016/2/10,uR`5iv
188027,Lelan1081,Hefei,2016/2/6,bX\1jv
985150,Jaryn1069,Hainan,2016/2/3,nA^4koshcw
695954,Dashun1082,Aomen,2016/2/2,xB{5tdnjvwy
368688,Caydin1013,Sichuan,2016/2/1,oV]1xvrlsfg
798882,Clive1073,Zhejiang,2016/2/1,vA]2ibpmlrf
887784,Brenan1091,Lasa,2016/1/30,tN[6tw
557626,Dshawn1083,Tangshan,2016/1/26,sO/1haidt
113823,Kieron1040,Guangxi,2016/1/25,"fP,5mnkwt"
194233,Mycah1051,Zhangjiakou,2016/1/24,pZ?8pq
987746,Johncarlos1076,Lasa,2016/1/24,eC-7nxcqdg
277199,Jaryn1009,Hainan,2016/1/23,xQ?2nprquf
331577,Kieron1081,Shijiazhuang,2016/1/23,wH]6dqxowh
563704,Mace1028,Zhejiang,2016/1/23,qT<0lenb
518360,Gabryel1060,Hefei,2016/1/22,eZ.1hbs
455830,Mycah1061,Yunnan,2016/1/20,"uZ,8sa"
807836,Koran1088,Tangshan,2016/1/15,aG:4rft
949217,Kerwin1067,Taiyuan,2016/1/15,qQ}0ykrb
759652,Rayaan1077,Tangshan,2016/1/14,"wI,6nkpbf"
151015,Decker1063,Shanghai,2016/1/10,iH>7wou
622822,Moishe1100,Chongqing,2016/1/7,xE#5qtgln
919237,Koran1082,Yunnan,2016/1/7,nI-1vjqu
457227,Weijing1027,Zhejiang,2016/1/6,hI}6isqkdw
169801,Jamarri1077,Sichuan,2016/1/5,lJ+6hlmby
304177,Kendan1026,Yunnan,2016/1/5,yK[2mc
832483,Itai1075,Taiyuan,2016/1/5,aY{0ibgosy
229663,Braidyn1084,Sichuan,2016/1/4,fD&7sobke
251361,Jaiquan1074,Taiyuan,2016/1/1,vG+6imfkuva
